Ranking,Name,URL,Rating,Price Range,Review Count,Categories,Address,Latitude,Longitude
1,Gyopao Gyoza Roppongi,https://www.tripadvisor.com/Restaurant_Review-g14129735-d1666071-Reviews-Gyopao_Gyoza_Roppongi-Roppongi_Minato_Tokyo_Tokyo_Prefecture_Kanto.html,,,,Chinese,"4-9-8, Roppongi, Minato 106-0032 Tokyo Prefecture",35.6635875,139.7321578
2,Sushi Koshikawa,https://www.tripadvisor.com/Restaurant_Review-g14129743-d24902365-Reviews-Sushi_Koshikawa-Akasaka_Minato_Tokyo_Tokyo_Prefecture_Kanto.html,,,,Sushi,"5-4-14 Trade Akasaka Bldg. 2F, Akasaka, Minato 107-0052 Tokyo Prefecture",35.6734093,139.7315136
3,Teppanyaki Sumiyaki Saito,https://www.tripadvisor.com/Restaurant_Review-g14129735-d15801593-Reviews-Teppanyaki_Sumiyaki_Saito-Roppongi_Minato_Tokyo_Tokyo_Prefecture_Kanto.html,,,,Teppanyaki,"6 Chome−1−6 Zakusen Building 6F, Roppongi, Minato 106-0032 Tokyo Prefecture",35.6624904,139.7325036
4,Rokkasen Otakibashiidori,https://www.tripadvisor.com/Restaurant_Review-g14133673-d15122840-Reviews-Rokkasen_Otakibashiidori-Nishishinjuku_Shinjuku_Tokyo_Tokyo_Prefecture_Kanto.html,,,,Seafood,"7 Chome−2−6 Nishishinjuku K-1 Bldg. B1F, Nishishinjuku, Shinjuku 160-0023 Tokyo Prefecture",35.6954537,139.6986833
5,Premium Sake Pub Gashue,https://www.tripadvisor.com/Restaurant_Review-g1066461-d16885931-Reviews-Premium_Sake_Pub_Gashue-Taito_Tokyo_Tokyo_Prefecture_Kanto.html,,,,Brew Pub,"2-13-5 Higashiueno, Taito 110-0015 Tokyo Prefecture",35.7094403,139.7779731
6,Ninja Experience Cafe Harajuku,https://www.tripadvisor.com/Restaurant_Review-g1066456-d25467182-Reviews-Ninja_Experience_Cafe_Harajuku-Shibuya_Tokyo_Tokyo_Prefecture_Kanto.html,,,,Tourist,"1-16-11 Jingumae 539 Bldg. B1, Shibuya 150-0001 Tokyo Prefecture",35.6709562,139.7049288
7,Lad's Dining Shinjuku,https://www.tripadvisor.com/Restaurant_Review-g14133707-d6062804-Reviews-Lad_s_Dining_Shinjuku-Shinjuku_3_Chome_Shinjuku_Tokyo_Tokyo_Prefecture_Kanto.html,,,,Bar,"3 Chome−35−7 Sanraku Building B1, Shinjuku 3 Chome, Shinjuku 160-0022 Tokyo Prefecture",35.6897519,139.7022634
8,Ise Sueyoshi,https://www.tripadvisor.com/Restaurant_Review-g14129744-d8261420-Reviews-Ise_Sueyoshi-Nishiazabu_Minato_Tokyo_Tokyo_Prefecture_Kanto.html,,,,Kaiseki,"4-2-15 Mizuno Bldg. 3F, Nishiazabu, Minato 106-0031 Tokyo Prefecture",35.6583941,139.723053
9,Ninja Experience Cafe Asakusa,https://www.tripadvisor.com/Restaurant_Review-g1066461-d17432355-Reviews-Ninja_Experience_Cafe_Asakusa-Taito_Tokyo_Tokyo_Prefecture_Kanto.html,,,,Tourist,"3-27-14 Nishiasakusa 1F, Taito 111-0035 Tokyo Prefecture",35.7169791,139.7918297
10,MAID MADE Akihabara Ekimae,https://www.tripadvisor.com/Restaurant_Review-g1066443-d26581647-Reviews-MAID_MADE_Akihabara_Ekimae-Chiyoda_Tokyo_Tokyo_Prefecture_Kanto.html,,,,Cafe,"1-15-13 Sotokanda Akihabara B&V BLDG.10F, Chiyoda 101-0021 Tokyo Prefecture",35.6977225,139.7724164
11,Mo-mo-paradise Shinjuku Higashiguchi,https://www.tripadvisor.com/Restaurant_Review-g14133707-d19093674-Reviews-Mo_mo_paradise_Shinjuku_Higashiguchi-Shinjuku_3_Chome_Shinjuku_Tokyo_Tokyo_Pre.html,,,,Sukiyaki,"3-28-10 Shinjuku 3f Humax Pavillion Shinjuku Higashiguchi, Shinjuku 3 Chome, Shinjuku 160-0022 Tokyo Prefecture",35.6908203,139.7024418
12,Gyopao Gyoza Shinjuku East,https://www.tripadvisor.com/Restaurant_Review-g1066457-d28051306-Reviews-Gyopao_Gyoza_Shinjuku_East-Shinjuku_Tokyo_Tokyo_Prefecture_Kanto.html,,,,Chinese,"3 Chome-35-13 Yuunaga Building 3F Pandora Bldg B1, Shinjuku 160-0022 Tokyo Prefecture",35.6901558,139.7026303
13,Ueno Wagyu Yakiniku USHIHACHI Kiwami,https://www.tripadvisor.com/Restaurant_Review-g14134274-d12871453-Reviews-Ueno_Wagyu_Yakiniku_USHIHACHI_Kiwami-Ueno_Taito_Tokyo_Tokyo_Prefecture_Kanto.html,,,,Yakiniku,"7-2-4 10F FUNDES Ueno, Ueno, Taito 110-0005 Tokyo Prefecture",35.7127023,139.7774675
14,Nabezo Shibuya Koen-dori Store,https://www.tripadvisor.com/Restaurant_Review-g1066456-d3841774-Reviews-Nabezo_Shibuya_Koen_dori_Store-Shibuya_Tokyo_Tokyo_Prefecture_Kanto.html,,,,Shabu-Shabu,"20-15 Udagawacho 8f Humax Pavilion Shibuya Koen St., Shibuya 150-0042 Tokyo Prefecture",35.6611705,139.7002213
15,L’ATELIER et Brasserie ATOM Milano,https://www.tripadvisor.com/Restaurant_Review-g14129573-d28293886-Reviews-L_ATELIER_et_Brasserie_ATOM_Milano-Ginza_Chuo_Tokyo_Tokyo_Prefecture_Kanto.html,,,,Bar,"5-2-1 Tokyu Plaza Ginza 10F, Ginza, Chuo 104-0061 Tokyo Prefecture",35.6722448,139.7624127
16,Mo-mo-paradise Shibuya Center-gai,https://www.tripadvisor.com/Restaurant_Review-g27462805-d3784126-Reviews-Mo_mo_paradise_Shibuya_Center_gai-Udagawacho_Shibuya_Tokyo_Tokyo_Prefecture_Kan.html,,,,Sukiyaki,"31-2`udagawacho 6F Shibuya Beam, Udagawacho, Shibuya 150-0042 Tokyo Prefecture",35.6615211,139.6974871
17,Nobunaga Ramen Restarant,https://www.tripadvisor.com/Restaurant_Review-g1066444-d32836470-Reviews-Nobunaga_Ramen_Restarant-Chuo_Tokyo_Tokyo_Prefecture_Kanto.html,,,,Ramen,"6-23-2 Tsukiji Chuoku 1f Gran Paseo, Chuo 104-0031 Tokyo Prefecture",35.6643785,139.7713236
18,Craft Beer Factory Shinjuku Ale,https://www.tripadvisor.com/Restaurant_Review-g14133667-d23150678-Reviews-Craft_Beer_Factory_Shinjuku_Ale-Kabukicho_Shinjuku_Tokyo_Tokyo_Prefecture_Kant.html,,,,Bar,"1-14-15, Kabukicho, Shinjuku 160-0021 Tokyo Prefecture",35.6944023,139.7018873
19,Koei Shokuandori,https://www.tripadvisor.com/Restaurant_Review-g14133667-d3752614-Reviews-Koei_Shokuandori-Kabukicho_Shinjuku_Tokyo_Tokyo_Prefecture_Kanto.html,,,,Yakiniku,"2-41-12, Kabukicho, Shinjuku 160-002 Tokyo Prefecture",35.6979246,139.7025006
20,Lad's Dining Shibuya Udagawacho,https://www.tripadvisor.com/Restaurant_Review-g1066456-d6051736-Reviews-Lad_s_Dining_Shibuya_Udagawacho-Shibuya_Tokyo_Tokyo_Prefecture_Kanto.html,,,,Italian,"17-1 Udagawacho Brother Bldg. B1, Shibuya 150-0042 Tokyo Prefecture",35.6607595,139.6994537
21,Chanko & Wanko Restaurant Asakusa Sumo Club,https://www.tripadvisor.com/Restaurant_Review-g14134311-d27157705-Reviews-Chanko_Wanko_Restaurant_Asakusa_Sumo_Club-Asakusa_Taito_Tokyo_Tokyo_Prefecture.html,,,,Tourist,"2-10-12 1st Floor, Asakusa, Taito 111-0032 Tokyo Prefecture",35.7185858,139.7958849
22,Music Bar Rockaholic Shibuya,https://www.tripadvisor.com/Restaurant_Review-g1066456-d9916101-Reviews-Music_Bar_Rockaholic_Shibuya-Shibuya_Tokyo_Tokyo_Prefecture_Kanto.html,,,,Bar,"11-1 Udagawacho Ryuko Bldg. Annex B1F, Shibuya 150-0042 Tokyo Prefecture",35.6607552,139.6974298
23,Mo-mo-paradise Asakusa,https://www.tripadvisor.com/Restaurant_Review-g1066461-d28012465-Reviews-Mo_mo_paradise_Asakusa-Taito_Tokyo_Tokyo_Prefecture_Kanto.html,,,,Sukiyaki,"2-16-9 Kaminarimon 4F HULIC&New Kaminarimon, Taito 111-0034 Tokyo Prefecture",35.7107863,139.7949696
24,Nabezo Shinjuku-Sanchome,https://www.tripadvisor.com/Restaurant_Review-g14133707-d1676825-Reviews-Nabezo_Shinjuku_Sanchome-Shinjuku_3_Chome_Shinjuku_Tokyo_Tokyo_Prefecture_Kanto.html,,,,Shabu-Shabu,"3-30-11 Shinjuku 8f Shinjuku Shinjuku Takano Dai2 Bldg, Shinjuku 3 Chome, Shinjuku 160-0022 Tokyo Prefecture",35.6918323,139.7019469
25,Luxe Burgers & Sunny's Table Asakusa,https://www.tripadvisor.com/Restaurant_Review-g14134311-d27118042-Reviews-Luxe_Burgers_Sunny_s_Table_Asakusa-Asakusa_Taito_Tokyo_Tokyo_Prefecture_Kanto.html,,,,French,"1-16-10 2F, Asakusa, Taito 111-0032 Tokyo Prefecture",35.7185858,139.7958849
26,Asakusa Monja Monroe,https://www.tripadvisor.com/Restaurant_Review-g14134311-d28463012-Reviews-Asakusa_Monja_Monroe-Asakusa_Taito_Tokyo_Tokyo_Prefecture_Kanto.html,,,,Monjayaki,"1 Chome-41-2 Asakusa, Asakusa, Taito 111-0032 Tokyo Prefecture",35.7129748,139.7940607
27,Ushihachi Akihabara,https://www.tripadvisor.com/Restaurant_Review-g1066443-d25326285-Reviews-Ushihachi_Akihabara-Chiyoda_Tokyo_Tokyo_Prefecture_Kanto.html,,,,Yakiniku,"4-4-2 Sotokanda Hulic & New Akihabara 4F, Chiyoda 101-0021 Tokyo Prefecture",35.701149,139.7718255
28,Beef Professional Private Shinjuku Honten,https://www.tripadvisor.com/Restaurant_Review-g14133667-d3753623-Reviews-Beef_Professional_Private_Shinjuku_Honten-Kabukicho_Shinjuku_Tokyo_Tokyo_Prefec.html,,,,Yakiniku,"2-45-6 Chiyoda Bldg. 1F, Kabukicho, Shinjuku 160-0023 Tokyo Prefecture",35.6960834,139.7026251
29,Shabu Shabu Tajimaya Haneda Airport Garden,https://www.tripadvisor.com/Restaurant_Review-g1066454-d25290581-Reviews-Shabu_Shabu_Tajimaya_Haneda_Airport_Garden-Ota_Tokyo_Tokyo_Prefecture_Kanto.html,,,,Shabu-Shabu,"2-7-1 Hanedakuko Haneda Airport Garden 1F, Ota 144-0041 Tokyo Prefecture",35.5444343,139.7645606
30,Savoy Kaminarimon,https://www.tripadvisor.com/Restaurant_Review-g14134311-d27107871-Reviews-Savoy_Kaminarimon-Asakusa_Taito_Tokyo_Tokyo_Prefecture_Kanto.html,,,,Italian,"1-2-28 MISTY Kyodo Bldg. 1F, Asakusa, Taito 111-0032 Tokyo Prefecture",35.7185858,139.7958849
31,Gyopao  Gyoza Shinjuku,https://www.tripadvisor.com/Restaurant_Review-g14133707-d21073194-Reviews-Gyopao_Gyoza_Shinjuku-Shinjuku_3_Chome_Shinjuku_Tokyo_Tokyo_Prefecture_Kanto.html,,,,Chinese,"35-13 Yuenaga Bldg. 3F, Shinjuku 3 Chome, Shinjuku 160-0022 Tokyo Prefecture",35.6908429,139.7013082
32,Music Bar Roackaholic Shimokitazawa,https://www.tripadvisor.com/Restaurant_Review-g1066455-d17779762-Reviews-Music_Bar_Roackaholic_Shimokitazawa-Setagaya_Tokyo_Tokyo_Prefecture_Kanto.html,,,,Italian,"2-6-5 Kitazawa Lui Bldg. 4F, Setagaya 155-0031 Tokyo Prefecture",35.6614139,139.6690559
33,MO-MO-PARADISE Kabukicho,https://www.tripadvisor.com/Restaurant_Review-g14133667-d3780307-Reviews-MO_MO_PARADISE_Kabukicho-Kabukicho_Shinjuku_Tokyo_Tokyo_Prefecture_Kanto.html,,,,Sukiyaki,"1-20-1 Shinjuku Kabuki-cho Humax Bldg. 8F, Kabukicho, Shinjuku 160-0021 Tokyo Prefecture",35.6959885,139.7014923
34,Unabi Sumibi Hitsumabushi Minokin Kanda Honten,https://www.tripadvisor.com/Restaurant_Review-g1066443-d25154845-Reviews-Unabi_Sumibi_Hitsumabushi_Minokin_Kanda_Honten-Chiyoda_Tokyo_Tokyo_Prefecture_K.html,,,,Unagi,"6-14-3 Sotokanda Vort Suehirocho II 1F, Chiyoda 101-0021 Tokyo Prefecture",35.703459,139.771336
35,SUSHI-YAMA Shinjuku,https://www.tripadvisor.com/Restaurant_Review-g14133667-d27746438-Reviews-SUSHI_YAMA_Shinjuku-Kabukicho_Shinjuku_Tokyo_Tokyo_Prefecture_Kanto.html,,,,Sushi,"1-16-3 Ceresa Youei Shinjuku Bldg. 6F, Kabukicho, Shinjuku 160-0021 Tokyo Prefecture",35.690921,139.696739
36,Nihonshu Genka Sakagura Shinjuku East Entrance,https://www.tripadvisor.com/Restaurant_Review-g14133707-d17343270-Reviews-Nihonshu_Genka_Sakagura_Shinjuku_East_Entrance-Shinjuku_3_Chome_Shinjuku_Tokyo.html,,,,Bar,"5-3 Takayama Land Kaikan B2F, Shinjuku 3 Chome, Shinjuku 160-0022 Tokyo Prefecture",36.1461317,137.252159
37,Super Bacana Ginza,https://www.tripadvisor.com/Restaurant_Review-g14129573-d12074754-Reviews-Super_Bacana_Ginza-Ginza_Chuo_Tokyo_Tokyo_Prefecture_Kanto.html,,,,Steakhouse,"2-5-19 Puzzle Ginza 10F, Ginza, Chuo 104-0061 Tokyo Prefecture",35.6699777,139.7655274
38,Music Bar ROCKAHOLIC Shinjuku,https://www.tripadvisor.com/Restaurant_Review-g14133667-d17838890-Reviews-Music_Bar_ROCKAHOLIC_Shinjuku-Kabukicho_Shinjuku_Tokyo_Tokyo_Prefecture_Kanto.html,,,,Bar,"2-38-3 Stella. K B1, Kabukicho, Shinjuku 160-0021 Tokyo Prefecture",35.6960834,139.7026251
39,Downtown B’s Indian Kitchen,https://www.tripadvisor.com/Restaurant_Review-g14129735-d12232966-Reviews-Downtown_B_s_Indian_Kitchen-Roppongi_Minato_Tokyo_Tokyo_Prefecture_Kanto.html,,,,Indian,"3-4-2 Coop Nomura Roppongi 1F, Roppongi, Minato 106-0032 Tokyo Prefecture",35.66715680000000,139.73774
40,Gyukatsu Motomura Harajuku,https://www.tripadvisor.com/Restaurant_Review-g1066456-d12708952-Reviews-Gyukatsu_Motomura_Harajuku-Shibuya_Tokyo_Tokyo_Prefecture_Kanto.html,,,,Gyukatsu,"3-23-2 Jingumae Jingumae NS Bldg. B1, Shibuya 150-0001 Tokyo Prefecture",35.6706585,139.7072227
41,Hokuto Sukiyaki - Ginza Corridor Branch,https://www.tripadvisor.com/Restaurant_Review-g14129573-d27675031-Reviews-Hokuto_Sukiyaki_Ginza_Corridor_Branch-Ginza_Chuo_Tokyo_Tokyo_Prefecture_Kanto.html,,,,Sukiyaki,"6-2 Yamashita Bldg. 2F, Ginza, Chuo 104-0061 Tokyo Prefecture",35.6712228,139.7664859
42,WAGYU SUKIYAKI GOKU Harajuku,https://www.tripadvisor.com/Restaurant_Review-g1066456-d32974173-Reviews-WAGYU_SUKIYAKI_GOKU_Harajuku-Shibuya_Tokyo_Tokyo_Prefecture_Kanto.html,,,,Sukiyaki,"3-23-2 Jingumae Jingumae NS Bldg, 1F, Shibuya 150-0001 Tokyo Prefecture",35.6706585,139.7072227
43,Queens Court Akihabara Concafe,https://www.tripadvisor.com/Restaurant_Review-g1066443-d7365423-Reviews-Queens_Court_Akihabara_Concafe-Chiyoda_Tokyo_Tokyo_Prefecture_Kanto.html,,,,Bar,"1-8-3 Sotokanda Nomizu Bldg. 3F, Akizuki Electronic Commerce Akihabara, Chiyoda 101-0021 Tokyo Prefecture",35.6993029,139.769826
44,Niku No Himaraya and Nomuno Tsukiji,https://www.tripadvisor.com/Restaurant_Review-g14129609-d9965534-Reviews-Niku_No_Himaraya_and_Nomuno_Tsukiji-Shintomicho_Chuo_Tokyo_Tokyo_Prefecture_Kan.html,,,,Steakhouse,"2-13-2 NK Shintomi Bldg. 1F to 3F, Shintomicho, Chuo 104-0041 Tokyo Prefecture",35.6707395,139.7744976
45,Lamb Shabu Kinnome Shinjuku,https://www.tripadvisor.com/Restaurant_Review-g1066457-d3839900-Reviews-Lamb_Shabu_Kinnome_Shinjuku-Shinjuku_Tokyo_Tokyo_Prefecture_Kanto.html,,,,Shabu-Shabu,"3−11−6 Ecre Shinjuku 3F, Shinjuku 160-0022 Tokyo Prefecture",35.6960369,139.7096464
46,Rokkasen,https://www.tripadvisor.com/Restaurant_Review-g14133673-d1772739-Reviews-Rokkasen-Nishishinjuku_Shinjuku_Tokyo_Tokyo_Prefecture_Kanto.html,,,,Barbecue,"1 Chome−10−2 110 Bldg. 10F, Nishishinjuku, Shinjuku 160-0023 Tokyo Prefecture",35.6913457,139.69369
47,Sukiyaki Hokuto Shinjuku Chuo East Entrance,https://www.tripadvisor.com/Restaurant_Review-g14133707-d28217011-Reviews-Sukiyaki_Hokuto_Shinjuku_Chuo_East_Entrance-Shinjuku_3_Chome_Shinjuku_Tokyo_To.html,,,,Sukiyaki,"34-11 Peace Bldg. 5F, Shinjuku 3 Chome, Shinjuku 160-0022 Tokyo Prefecture",35.6905567,139.7027954
48,Tapas Molecular Bar,https://www.tripadvisor.com/Restaurant_Review-g1066444-d2212678-Reviews-Tapas_Molecular_Bar-Chuo_Tokyo_Tokyo_Prefecture_Kanto.html,,,,Contemporary,"2-1-1 Nihonbashi Muromachi 38F, Mandarin Oriental Tokyo, Chuo 103-8328 Tokyo Prefecture",35.6843873,139.7744032
49,Izakaya Sanzoku,https://www.tripadvisor.com/Restaurant_Review-g14129743-d1698731-Reviews-Izakaya_Sanzoku-Akasaka_Minato_Tokyo_Tokyo_Prefecture_Kanto.html,,,,Izakaya,"4-2-8 B1F, Akasaka, Minato 107-0052 Tokyo Prefecture",35.6716646,139.7402148
50,Mugi no Oto,https://www.tripadvisor.com/Restaurant_Review-g14133667-d16836989-Reviews-Mugi_no_Oto-Kabukicho_Shinjuku_Tokyo_Tokyo_Prefecture_Kanto.html,,,,Brew Pub,"1-12-15 Shinjuku 7th Bldg. B1, Kabukicho, Shinjuku 160-0021 Tokyo Prefecture",35.6948433,139.7025352
51,Kaiten Wankosoba Kurukuruwanko,https://www.tripadvisor.com/Restaurant_Review-g14133667-d25244851-Reviews-Kaiten_Wankosoba_Kurukuruwanko-Kabukicho_Shinjuku_Tokyo_Tokyo_Prefecture_Kanto.html,,,,Soba,"1-22-9 J Gold Bldg. 5f, Kabukicho, Shinjuku 160-0021 Tokyo Prefecture",35.6960834,139.7026251
52,Bar Rhythm,https://www.tripadvisor.com/Restaurant_Review-g1066443-d7208041-Reviews-Bar_Rhythm-Chiyoda_Tokyo_Tokyo_Prefecture_Kanto.html,,,,Brew Pub,"1-13-2 Sotokanda B1F, Chiyoda 101-0021 Tokyo Prefecture",35.6989731,139.7716346
53,Maidreamin Shibuya,https://www.tripadvisor.com/Restaurant_Review-g1066456-d7812649-Reviews-Maidreamin_Shibuya-Shibuya_Tokyo_Tokyo_Prefecture_Kanto.html,,,,Brew Pub,"30-1 Udagawacho B1F Horaiya Bldg., Shibuya 150-0042 Tokyo Prefecture",35.6607552,139.6974298
54,Burger Revolution Tokyo Roppongi,https://www.tripadvisor.com/Restaurant_Review-g14129735-d21375819-Reviews-Burger_Revolution_Tokyo_Roppongi-Roppongi_Minato_Tokyo_Tokyo_Prefecture_Kanto.html,,,,American,"5 Chome−9−22 Shureville Fukuzushi 1F, Roppongi, Minato 106-0032 Tokyo Prefecture",35.661936,139.7330037
55,Niigata Yukimuro Jukusei Yakiniku Nikuine Roppongi,https://www.tripadvisor.com/Restaurant_Review-g14129735-d19683159-Reviews-Niigata_Yukimuro_Jukusei_Yakiniku_Nikuine_Roppongi-Roppongi_Minato_Tokyo_Tokyo.html,,,,Yakiniku,"3-17-2 MF Roppongi 3F, Roppongi, Minato 106-0032 Tokyo Prefecture",35.66715680000000,139.73774
56,Soak Rooftop Restaurant & Bar Shibuya,https://www.tripadvisor.com/Restaurant_Review-g1066456-d32976289-Reviews-Soak_Rooftop_Restaurant_Bar_Shibuya-Shibuya_Tokyo_Tokyo_Prefecture_Kanto.html,,,,Italian,"6-20-10 Jingumae Miyashita Park North 18F, Shibuya 150-0001 Tokyo Prefecture",35.6622585,139.7019016
57,Yakiniku a Five Toku Ginza8chome,https://www.tripadvisor.com/Restaurant_Review-g14129573-d13168364-Reviews-Yakiniku_a_Five_Toku_Ginza8chome-Ginza_Chuo_Tokyo_Tokyo_Prefecture_Kanto.html,,,,Yakiniku,"8-3-1 Ginza Tokiden Bldg. 9F, Ginza, Chuo 104-0061 Tokyo Prefecture",35.6692505,139.7592458
58,Trattoria Dai Paesani,https://www.tripadvisor.com/Restaurant_Review-g1066457-d9669468-Reviews-Trattoria_Dai_Paesani-Shinjuku_Tokyo_Tokyo_Prefecture_Kanto.html,,,,Italian,"2-18-19 Nishi Waseda, Shinjuku 169-0051 Tokyo Prefecture",35.7103883,139.7153917
59,Wagyu to Worldwide,https://www.tripadvisor.com/Restaurant_Review-g1066444-d17595509-Reviews-Wagyu_to_Worldwide-Chuo_Tokyo_Tokyo_Prefecture_Kanto.html,,,,American,"2-12-7 Kachidoki, Chuo 104-0054 Tokyo Prefecture",35.6578391,139.7774589
60,Yakiniku Iwasaki Ueno,https://www.tripadvisor.com/Restaurant_Review-g14134274-d26875487-Reviews-Yakiniku_Iwasaki_Ueno-Ueno_Taito_Tokyo_Tokyo_Prefecture_Kanto.html,,,,Yakiniku,"2 Chome−8−2 Keiwan Building A, Ueno, Taito 110-0005 Tokyo Prefecture",35.6890658,139.7092474
61,Shisha enma Shinjuku Kabukicho,https://www.tripadvisor.com/Restaurant_Review-g14133667-d25575555-Reviews-Shisha_enma_Shinjuku_Kabukicho-Kabukicho_Shinjuku_Tokyo_Tokyo_Prefecture_Kanto.html,,,,Bar,"1-14-4 Kawashin Bldg. 3F, Kabukicho, Shinjuku 160-0021 Tokyo Prefecture",35.6960834,139.7026251
62,Cedros,https://www.tripadvisor.com/Restaurant_Review-g1066456-d7099038-Reviews-Cedros-Shibuya_Tokyo_Tokyo_Prefecture_Kanto.html,,,,American,"1-32-3 Ebisunishi D Tradgard Daikanyama, Shibuya 150-0021 Tokyo Prefecture",35.6475243,139.7048513
63,Hakushu - Kobe Teppanyaki,https://www.tripadvisor.com/Restaurant_Review-g1066456-d7183972-Reviews-Hakushu_Kobe_Teppanyaki-Shibuya_Tokyo_Tokyo_Prefecture_Kanto.html,,,,Teppanyaki,"17-10 Sakuragaokacho MCD Bldg. B1F, Shibuya 150-0031 Tokyo Prefecture",35.65624080000000,139.7010992
64,Kawai & Bar Akiba Zettai Ryoiki,https://www.tripadvisor.com/Restaurant_Review-g1066443-d12163097-Reviews-Kawai_Bar_Akiba_Zettai_Ryoiki-Chiyoda_Tokyo_Tokyo_Prefecture_Kanto.html,,,,Cafe,"3-1-1 Sotokanda 1F Obayashi Bldg., Chiyoda 101-0021 Tokyo Prefecture",35.6999638,139.7693922
65,Flower Wall Mone,https://www.tripadvisor.com/Restaurant_Review-g14133707-d24000923-Reviews-Flower_Wall_Mone-Shinjuku_3_Chome_Shinjuku_Tokyo_Tokyo_Prefecture_Kanto.html,,,,Sushi,"5-3 Takayama Land Kaikan B1F, Shinjuku 3 Chome, Shinjuku 160-0022 Tokyo Prefecture",36.1461317,137.252159
66,Gluten Free T's Kitchen,https://www.tripadvisor.com/Restaurant_Review-g14129735-d13202104-Reviews-Gluten_Free_T_s_Kitchen-Roppongi_Minato_Tokyo_Tokyo_Prefecture_Kanto.html,,,,Healthy,"7-8-5 2F, Roppongi, Minato 106-0032 Tokyo Prefecture",35.6598808,139.7339083
67,Kurokatsusan,https://www.tripadvisor.com/Restaurant_Review-g14133673-d25218108-Reviews-Kurokatsusan-Nishishinjuku_Shinjuku_Tokyo_Tokyo_Prefecture_Kanto.html,,,,American,"4-18-2 Phil Park Nishishinjuku 2F, Nishishinjuku, Shinjuku 160-0023 Tokyo Prefecture",35.6848965,139.6856143
68,Teppan Baby Shinjuku,https://www.tripadvisor.com/Restaurant_Review-g14133667-d8356861-Reviews-Teppan_Baby_Shinjuku-Kabukicho_Shinjuku_Tokyo_Tokyo_Prefecture_Kanto.html,,,,Teppanyaki,"1-17-4 Pocket Bldg. B1F, Kabukicho, Shinjuku 160-0021 Tokyo Prefecture",35.6960834,139.7026251
69,"Kyushu Jangara Ramen, Akihabara Honten",https://www.tripadvisor.com/Restaurant_Review-g1066443-d1688751-Reviews-Kyushu_Jangara_Ramen_Akihabara_Honten-Chiyoda_Tokyo_Tokyo_Prefecture_Kanto.html,,,,Ramen,"3-11-6 Sotokanda, Chiyoda 101-0021 Tokyo Prefecture",35.7007838,139.7706592
70,"Ichiran, Shibuya",https://www.tripadvisor.com/Restaurant_Review-g1066456-d1688898-Reviews-Ichiran_Shibuya-Shibuya_Tokyo_Tokyo_Prefecture_Kanto.html,,,,Ramen,"1-22-7 Jinnan Iwamoto Bldg. B1F, Shibuya 150-0041 Tokyo Prefecture",35.6611094,139.7010793
71,Dining Darts Bar Bee Shinjuku,https://www.tripadvisor.com/Restaurant_Review-g14133707-d3782708-Reviews-Dining_Darts_Bar_Bee_Shinjuku-Shinjuku_3_Chome_Shinjuku_Tokyo_Tokyo_Prefecture_.html,,,,Bar,"18-4 Seno Bldg. B1 to B2F, Shinjuku 3 Chome, Shinjuku 160-0022 Tokyo Prefecture",35.6908596,139.7048708
72,Sushiryori Inose,https://www.tripadvisor.com/Restaurant_Review-g1066854-d1692134-Reviews-Sushiryori_Inose-Shinagawa_Tokyo_Tokyo_Prefecture_Kanto.html,,,,Sushi,"2-20-2 Higashigotanda 1f, Shinagawa Tokyo Prefecture",35.6248673,139.7304093
73,Beef Professional Ginza,https://www.tripadvisor.com/Restaurant_Review-g14129573-d26101019-Reviews-Beef_Professional_Ginza-Ginza_Chuo_Tokyo_Tokyo_Prefecture_Kanto.html,,,,Yakiniku,"2-5-19 PUZZLE Ginza 8F, Ginza, Chuo 104-0061 Tokyo Prefecture",35.6699777,139.7655274
74,Narisawa,https://www.tripadvisor.com/Restaurant_Review-g1066451-d1504681-Reviews-Narisawa-Minato_Tokyo_Tokyo_Prefecture_Kanto.html,,,,Contemporary,"2-6-15 Minami Aoyama, Minato 107-0062 Tokyo Prefecture",35.6652799,139.723053
75,T's TanTan Tokyostation,https://www.tripadvisor.com/Restaurant_Review-g14129528-d3297912-Reviews-T_s_TanTan_Tokyostation-Marunouchi_Chiyoda_Tokyo_Tokyo_Prefecture_Kanto.html,,,,Ramen,"1-9-1 Keiyo Street, Marunouchi, Chiyoda Tokyo Prefecture",35.6824537,139.7682829
76,Hanno Daidokoro Bettei,https://www.tripadvisor.com/Restaurant_Review-g1066456-d3752339-Reviews-Hanno_Daidokoro_Bettei-Shibuya_Tokyo_Tokyo_Prefecture_Kanto.html,,,,Barbecue,"2-29-8 Dogenzaka Dogenzaka Center Bldg 7F, Shibuya 150-0043 Tokyo Prefecture",35.6592352,139.6979318
77,maidreamin Akihabara Electric Town-exit,https://www.tripadvisor.com/Restaurant_Review-g1066443-d10132529-Reviews-Maidreamin_Akihabara_Electric_Town_exit-Chiyoda_Tokyo_Tokyo_Prefecture_Kanto.html,,,,Cafe,"1-14-1 Sotokanda Takarada Chuo Dori Bldg 3F, Chiyoda 101-0021 Tokyo Prefecture",35.698336,139.7715973
78,Ebisu Sushi Fujimasa,https://www.tripadvisor.com/Restaurant_Review-g1066456-d23412552-Reviews-Ebisu_Sushi_Fujimasa-Shibuya_Tokyo_Tokyo_Prefecture_Kanto.html,,,,Sushi,"Ebisuminami 1-18-12 Ryuo Building2 2F, Shibuya 150-0022 Tokyo Prefecture",35.6451989,139.7106015
79,Kushiyaki Bistro Fukumimi Ginza,https://www.tripadvisor.com/Restaurant_Review-g14129573-d1668141-Reviews-Kushiyaki_Bistro_Fukumimi_Ginza-Ginza_Chuo_Tokyo_Tokyo_Prefecture_Kanto.html,,,,Kushiyaki,"5-10-9 B1 Ginza YK Bldg., Ginza, Chuo 104-0061 Tokyo Prefecture",35.6696944,139.765217
80,star star,https://www.tripadvisor.com/Restaurant_Review-g1066456-d11746028-Reviews-Star_star-Shibuya_Tokyo_Tokyo_Prefecture_Kanto.html,,,,Bar,"17-10 Sakuragaokacho Yoshino Bldg. 3F, Shibuya 150-0031 Tokyo Prefecture",35.65624080000000,139.7010992
81,Oimachi Yoshizou Sohonten,https://www.tripadvisor.com/Restaurant_Review-g1066854-d3790856-Reviews-Oimachi_Yoshizou_Sohonten-Shinagawa_Tokyo_Tokyo_Prefecture_Kanto.html,,,,Barbecue,"5-14-19 Higashioi Isola 1F, Shinagawa 140-0011 Tokyo Prefecture",35.6065945,139.736333
82,Koei Honten,https://www.tripadvisor.com/Restaurant_Review-g14133667-d8459928-Reviews-Koei_Honten-Kabukicho_Shinjuku_Tokyo_Tokyo_Prefecture_Kanto.html,,,,Yakiniku,"2-4-11 Noa Shinjuku Mansion 1F, Kabukicho, Shinjuku 160-0021 Tokyo Prefecture",35.6999217,139.7011391
83,Roku,https://www.tripadvisor.com/Restaurant_Review-g14134368-d17376297-Reviews-Roku-Daiba_Minato_Tokyo_Tokyo_Prefecture_Kanto.html,,,,Shabu-shabu,"1-7-1 Aqua City Odaiba 6F, Daiba, Minato 135-0091 Tokyo Prefecture",35.627819,139.773568
84,0% Non-Alcohol Experience,https://www.tripadvisor.com/Restaurant_Review-g14129735-d21135613-Reviews-0_Non_Alcohol_Experience-Roppongi_Minato_Tokyo_Tokyo_Prefecture_Kanto.html,,,,Bar,,,
85,Roast Beef Ohno Minami Ikebukuro,https://www.tripadvisor.com/Restaurant_Review-g1066460-d23896602-Reviews-Roast_Beef_Ohno_Minami_Ikebukuro-Toshima_Tokyo_Tokyo_Prefecture_Kanto.html,,,,Beef bowl,"1-18-22 Minami Ikebukuro Kubota Bldg. 2F, Toshima 171-0022 Tokyo Prefecture",35.7254176,139.7128382
86,Shisha Cafe & Bar PONTE luce,https://www.tripadvisor.com/Restaurant_Review-g14129578-d25681309-Reviews-Shisha_Cafe_Bar_PONTE_luce-Shimbashi_Minato_Tokyo_Tokyo_Prefecture_Kanto.html,,,,Bar,"2-12-8 GEMS Shimbashi 6F, Shimbashi, Minato 101-0004 Tokyo Prefecture",35.6648291,139.7562635
87,IPPUDO Roppongi,https://www.tripadvisor.com/Restaurant_Review-g14129735-d1659036-Reviews-IPPUDO_Roppongi-Roppongi_Minato_Tokyo_Tokyo_Prefecture_Kanto.html,,,,Ramen,"4-9-11 No.2 Odagiri Bldg. 1F, Roppongi, Minato 106-0032 Tokyo Prefecture",35.6713888,139.7238986
88,IPPUDO Ginza,https://www.tripadvisor.com/Restaurant_Review-g14129573-d1663365-Reviews-IPPUDO_Ginza-Ginza_Chuo_Tokyo_Tokyo_Prefecture_Kanto.html,,,,Ramen,"4-10-3 1F Central Bldg., Ginza, Chuo 104-0061 Tokyo Prefecture",35.6712228,139.7664859
89,Asakusa Okonomiyaki Sometaro,https://www.tripadvisor.com/Restaurant_Review-g1066461-d1178514-Reviews-Asakusa_Okonomiyaki_Sometaro-Taito_Tokyo_Tokyo_Prefecture_Kanto.html,,,,Okonomiyaki,"2-2-2 Nishiasakusa, Taito 111-0035 Tokyo Prefecture",35.7120099,139.7909468
90,Sakuratei,https://www.tripadvisor.com/Restaurant_Review-g1066456-d1661084-Reviews-Sakuratei-Shibuya_Tokyo_Tokyo_Prefecture_Kanto.html,,,,Okonomiyaki,"3-20-1 Jingumae, Shibuya 150-0001 Tokyo Prefecture",35.6706192,139.7083616
91,Kaikaya,https://www.tripadvisor.com/Restaurant_Review-g1066456-d1177947-Reviews-Kaikaya-Shibuya_Tokyo_Tokyo_Prefecture_Kanto.html,,4.54.5 of 5 bubbles(777reviews),,Seafood,"23-7 Maruyamacho, Shibuya 150-0044 Tokyo Prefecture",35.6567999,139.6941954
92,Tonki Meguro Honten,https://www.tripadvisor.com/Restaurant_Review-g1066450-d1677865-Reviews-Tonki_Meguro_Honten-Meguro_Tokyo_Tokyo_Prefecture_Kanto.html,,4.54.5 of 5 bubbles(462reviews),,Tonkatsu,"1-1-2 Shimomeguro, Meguro 153-0064 Tokyo Prefecture",35.6336105,139.7142546
93,Yakiniku Nikudarake Nishiazabu,https://www.tripadvisor.com/Restaurant_Review-g14129744-d17343430-Reviews-Yakiniku_Nikudarake_Nishiazabu-Nishiazabu_Minato_Tokyo_Tokyo_Prefecture_Kanto.html,,4.94.9 of 5 bubbles(62reviews),,Yakiniku,"1-12-5 SW Roppongidori Building. 2F, Nishiazabu, Minato 106-0031 Tokyo Prefecture",35.6583941,139.723053
94,Gyuan,https://www.tripadvisor.com/Restaurant_Review-g14129573-d1677235-Reviews-Gyuan-Ginza_Chuo_Tokyo_Tokyo_Prefecture_Kanto.html,,4.44.4 of 5 bubbles(481reviews),,Wagyu,"6-13-6 B1F Kakyoshokokai Bldg., Ginza, Chuo 104-0061 Tokyo Prefecture",35.6712228,139.7664859
95,Kobe Beef 511,https://www.tripadvisor.com/Restaurant_Review-g14129743-d3640550-Reviews-Kobe_Beef_511-Akasaka_Minato_Tokyo_Tokyo_Prefecture_Kanto.html,,4.44.4 of 5 bubbles(582reviews),,Wagyu,"4-3-28 Dear Plaza Akasaka, B1, Akasaka, Minato 107-0052 Tokyo Prefecture",35.6701023,139.7336168
96,Kuriya,https://www.tripadvisor.com/Restaurant_Review-g14133667-d1661333-Reviews-Kuriya-Kabukicho_Shinjuku_Tokyo_Tokyo_Prefecture_Kanto.html,,4.64.6 of 5 bubbles(308reviews),,Yakitori,"1-15-8 Maruo Bldg. B1F, Kabukicho, Shinjuku 160-0021 Tokyo Prefecture",35.6960834,139.7026251
97,Yoroiya,https://www.tripadvisor.com/Restaurant_Review-g14134311-d1678525-Reviews-Yoroiya-Asakusa_Taito_Tokyo_Tokyo_Prefecture_Kanto.html,,4.44.4 of 5 bubbles(469reviews),,Ramen,"1-36-7, Asakusa, Taito 111-0032 Tokyo Prefecture",35.7127177,139.7968177
98,Yakinikumafia Ikebukuro,https://www.tripadvisor.com/Restaurant_Review-g1066460-d23922236-Reviews-Yakinikumafia_Ikebukuro-Toshima_Tokyo_Tokyo_Prefecture_Kanto.html,,4.84.8 of 5 bubbles(93reviews),,Yakiniku,,,
99,,https://www.tripadvisor.com/Restaurant_Review-g14131014-d1678556-Reviews-Katsukura_Shinjuku_Takashimaya-Sendagaya_Shibuya_Tokyo_Tokyo_Prefecture_Kanto.html,,4.44.4 of 5 bubbles(395reviews),,Tonkatsu,,,
100,Mo Mo Paradise Ikebukuro Sunshine 60th Street,https://www.tripadvisor.com/Restaurant_Review-g1066460-d33004304-Reviews-Mo_Mo_Paradise_Ikebukuro_Sunshine_60th_Street-Toshima_Tokyo_Tokyo_Prefecture_Ka.html,,5.05 of 5 bubbles(51reviews),,Shabu-shabu,"1-22-10 Higashi Ikebukuro 5f Humax Pavilion Ikebukuro Sunshine 60 St., Toshima 170-0013 Tokyo Prefecture",35.7296795,139.7157691
101,Kobe Gyu Yakiniku To Hiyashi Nama Pīman Kinnikuya Shibuya Dōgenzaka Honten,https://www.tripadvisor.com/Restaurant_Review-g1066456-d19900058-Reviews-Kobe_Gyu_Yakiniku_To_Hiyashi_Nama_Piman_Kinnikuya_Shibuya_Dogenzaka_Honten-Shib.html,,5.05 of 5 bubbles(53reviews),,Yakiniku,"2-19-2 Dogenzaka, Shibuya 150-0043 Tokyo Prefecture",35.658971,139.6965818
102,Gyukatsu Motomura Shinjuku South exit Store,https://www.tripadvisor.com/Restaurant_Review-g14133707-d8634136-Reviews-Gyukatsu_Motomura_Shinjuku_South_exit_Store-Shinjuku_3_Chome_Shinjuku_Tokyo_Tok.html,,4.54.5 of 5 bubbles(334reviews),,Steakhouse,"32-2 Moto Bldg. B1F, Shinjuku 3 Chome, Shinjuku 160-0022 Tokyo Prefecture",35.6904442,139.7070866
103,Kyubey Ginza Honten,https://www.tripadvisor.com/Restaurant_Review-g14129573-d803208-Reviews-Kyubey_Ginza_Honten-Ginza_Chuo_Tokyo_Tokyo_Prefecture_Kanto.html,,4.44.4 of 5 bubbles(905reviews),,Sushi,"8-7-6, Ginza, Chuo 104-0061 Tokyo Prefecture",35.6685099,139.7612133
104,Tokyo Shiba Tofuya Ukai,https://www.tripadvisor.com/Restaurant_Review-g14129730-d1676624-Reviews-Tokyo_Shiba_Tofuya_Ukai-Shibakoen_Minato_Tokyo_Tokyo_Prefecture_Kanto.html,,4.44.4 of 5 bubbles(948reviews),,Tofu,"4-4-13, Shibakoen, Minato 105-0011 Tokyo Prefecture",35.6574887,139.7451422
105,Sakura Cafe Jimbocho,https://www.tripadvisor.com/Restaurant_Review-g1066443-d3928400-Reviews-Sakura_Cafe_Jimbocho-Chiyoda_Tokyo_Tokyo_Prefecture_Kanto.html,,4.74.7 of 5 bubbles(209reviews),,Bar,"2-21-4 Kandajinbocho, Chiyoda 101-0051 Tokyo Prefecture",35.6949875,139.7564392
106,Kabukisushi,https://www.tripadvisor.com/Restaurant_Review-g14133667-d32804061-Reviews-Kabukisushi-Kabukicho_Shinjuku_Tokyo_Tokyo_Prefecture_Kanto.html,,5.05 of 5 bubbles(48reviews),,Sushi,"1-11-5 1F Hasegawa Bldg, Kabukicho, Shinjuku 160-0021 Tokyo Prefecture",35.6960834,139.7026251
107,Tonkatsu Maisen Aoyama,https://www.tripadvisor.com/Restaurant_Review-g1066456-d807531-Reviews-Tonkatsu_Maisen_Aoyama-Shibuya_Tokyo_Tokyo_Prefecture_Kanto.html,,4.34.3 of 5 bubbles(964reviews),,Tonkatsu,"4-8-5 Jingumae, Shibuya 150-0001 Tokyo Prefecture",35.6680003,139.7115244
108,Annam Indian Restaurant Ginza Tokyo,https://www.tripadvisor.com/Restaurant_Review-g14129573-d6500850-Reviews-Annam_Indian_Restaurant_Ginza_Tokyo-Ginza_Chuo_Tokyo_Tokyo_Prefecture_Kanto.html,,4.44.4 of 5 bubbles(589reviews),,Indian,"8-10-8 Ginza 8Chome 10Ban Bldg B1F, Ginza, Chuo 104-0061 Tokyo Prefecture",35.6674958,139.7619632
109,Kuroshiro Kakuni don Shop,https://www.tripadvisor.com/Restaurant_Review-g14131403-d25438163-Reviews-Kuroshiro_Kakuni_don_Shop-Takadanobaba_Shinjuku_Tokyo_Tokyo_Prefecture_Kanto.html,,4.94.9 of 5 bubbles(52reviews),,Donburi,"3-37-2 1F, Takadanobaba, Shinjuku 169-0075 Tokyo Prefecture",35.7127279,139.7083697
110,"Karashibimisoramen Kikanbo, Kanda",https://www.tripadvisor.com/Restaurant_Review-g1066443-d1698900-Reviews-Karashibimisoramen_Kikanbo_Kanda-Chiyoda_Tokyo_Tokyo_Prefecture_Kanto.html,,4.64.6 of 5 bubbles(250reviews),,Ramen,"2-10-9 Kajicho, Chiyoda 101-0044 Tokyo Prefecture",35.6936894,139.7723765
111,Oimachi Zeniba Seinikuten,https://www.tripadvisor.com/Restaurant_Review-g1066854-d9683592-Reviews-Oimachi_Zeniba_Seinikuten-Shinagawa_Tokyo_Tokyo_Prefecture_Kanto.html,,4.74.7 of 5 bubbles(84reviews),,Steakhouse,"5-14-19 Higashi Oi Isola Oimachi 2F, Shinagawa 140-0011 Tokyo Prefecture",35.6032816,139.7380025
112,Dining Darts Bar Bee Kabukicho,https://www.tripadvisor.com/Restaurant_Review-g14133667-d27174754-Reviews-Dining_Darts_Bar_Bee_Kabukicho-Kabukicho_Shinjuku_Tokyo_Tokyo_Prefecture_Kanto.html,,5.05 of 5 bubbles(48reviews),,Bar,"１-27-5 APM Building 6F, Kabukicho, Shinjuku 160-0021 Tokyo Prefecture",35.6960834,139.7026251
113,,https://www.tripadvisor.com/Restaurant_Review-g1066456-d3871559-Reviews-Uobei_Shibuya_Dogenzaka-Shibuya_Tokyo_Tokyo_Prefecture_Kanto.html,,"4.44.4 of 5 bubbles(1,071reviews)",,Sushi,,,
114,Sushizanmai Tsukijiekimae-Ten,https://www.tripadvisor.com/Restaurant_Review-g14129610-d3472738-Reviews-Sushizanmai_Tsukijiekimae_Ten-Tsukiji_Chuo_Tokyo_Tokyo_Prefecture_Kanto.html,,4.44.4 of 5 bubbles(955reviews),,Sushi,"3-11-9 Tsukiji Square bldg1F, Tsukiji, Chuo 104-0045 Tokyo Prefecture",35.6675176,139.7724054
115,Jomon Roppongi,https://www.tripadvisor.com/Restaurant_Review-g14129735-d877385-Reviews-Jomon_Roppongi-Roppongi_Minato_Tokyo_Tokyo_Prefecture_Kanto.html,,4.44.4 of 5 bubbles(441reviews),,Yakitori,"5-9-17 Fujimori Bldg. 1F, Roppongi, Minato 106-0032 Tokyo Prefecture",35.6618586,139.7345469
116,Mutekiya,https://www.tripadvisor.com/Restaurant_Review-g1066460-d1686988-Reviews-Mutekiya-Toshima_Tokyo_Tokyo_Prefecture_Kanto.html,,4.44.4 of 5 bubbles(642reviews),,Ramen,"1-17-1 Minami Ikebukuro 1F Sakimoto Bldg., Toshima 171-0022 Tokyo Prefecture",35.7269224,139.7116113
117,Umegaoka Sushi No Midori Sohonten Shibuya,https://www.tripadvisor.com/Restaurant_Review-g1066456-d1678469-Reviews-Umegaoka_Sushi_No_Midori_Sohonten_Shibuya-Shibuya_Tokyo_Tokyo_Prefecture_Kanto.html,,"4.44.4 of 5 bubbles(1,142reviews)",,Sushi,"1-12-3 Dogenzaka Shibuya Mark City East 4F, Shibuya 150-0043 Tokyo Prefecture",35.6581085,139.6986263
118,Ninja Tokyo,https://www.tripadvisor.com/Restaurant_Review-g1066443-d1010352-Reviews-Ninja_Tokyo-Chiyoda_Tokyo_Tokyo_Prefecture_Kanto.html,,"4.34.3 of 5 bubbles(1,217reviews)",,Tourist,"2-2-1 Otemachi Shinotemachi Bldg. B1F, Chiyoda 100-0004 Tokyo Prefecture",35.6850064,139.767045
119,Andy's Shin Hinomoto,https://www.tripadvisor.com/Restaurant_Review-g14129536-d2423578-Reviews-Andy_s_Shin_Hinomoto-Yurakucho_Chiyoda_Tokyo_Tokyo_Prefecture_Kanto.html,,4.44.4 of 5 bubbles(400reviews),,Izakaya,"2-4-4, Yurakucho, Chiyoda 100-0006 Tokyo Prefecture",35.674183,139.7618829
120,Tokyo Itamae Sushi Akasaka Store,https://www.tripadvisor.com/Restaurant_Review-g14129743-d3752002-Reviews-Tokyo_Itamae_Sushi_Akasaka_Store-Akasaka_Minato_Tokyo_Tokyo_Prefecture_Kanto.html,,4.44.4 of 5 bubbles(549reviews),,Sushi,"3-10-1 1F Taisuikan Bldg., Akasaka, Minato 107-0052 Tokyo Prefecture",35.6768521,139.7349406
121,Tsukiji Kiyomura Sushi-Zanmai Higashi Shinjuku-ten,https://www.tripadvisor.com/Restaurant_Review-g1066457-d3779142-Reviews-Tsukiji_Kiyomura_Sushi_Zanmai_Higashi_Shinjuku_ten-Shinjuku_Tokyo_Tokyo_Prefectu.html,,"4.34.3 of 5 bubbles(1,139reviews)",,Sushi,"1-1-15 Okubo Bellbaum 1F-B1F, Shinjuku 169-0072 Tokyo Prefecture",35.6984626,139.7052371
122,Beef Professional Akihabara,https://www.tripadvisor.com/Restaurant_Review-g1066443-d10423336-Reviews-Beef_Professional_Akihabara-Chiyoda_Tokyo_Tokyo_Prefecture_Kanto.html,,4.84.8 of 5 bubbles(64reviews),,Yakiniku,"4-3-3 Akihabara, Sotokanda 4F SIL Bldg., Chiyoda 101-0021 Tokyo Prefecture",35.700811,139.769381
123,Umegaoka Sushino Midori Ginza,https://www.tripadvisor.com/Restaurant_Review-g14129573-d1201507-Reviews-Umegaoka_Sushino_Midori_Ginza-Ginza_Chuo_Tokyo_Tokyo_Prefecture_Kanto.html,,4.34.3 of 5 bubbles(608reviews),,Sushi,"7-2 Tokyo Highway Yamashita Bldg. 1F, Ginza, Chuo 104-0061 Tokyo Prefecture",35.6710238,139.7599205
124,Dashiya Ikebukuro West Entrance Ekimae,https://www.tripadvisor.com/Restaurant_Review-g1066460-d25575710-Reviews-Dashiya_Ikebukuro_West_Entrance_Ekimae-Toshima_Tokyo_Tokyo_Prefecture_Kanto.html,,4.64.6 of 5 bubbles(106reviews),,Izakaya,"1-24-1 Nishiikebukuro Yukiya Bldg. B1F, Toshima 171-0021 Tokyo Prefecture",35.7318207,139.71048
125,Kobe Beef Official Dealer Shop Nikuhoshi Tsukiji,https://www.tripadvisor.com/Restaurant_Review-g14129610-d26610989-Reviews-Kobe_Beef_Official_Dealer_Shop_Nikuhoshi_Tsukiji-Tsukiji_Chuo_Tokyo_Tokyo_Pref.html,,4.94.9 of 5 bubbles(50reviews),,Wagyu,"4-13-11, Tsukiji, Chuo 104-0045 Tokyo Prefecture",35.6649277,139.7702631
126,Gyukatsu Ichi Ni San,https://www.tripadvisor.com/Restaurant_Review-g1066443-d5561719-Reviews-Gyukatsu_Ichi_Ni_San-Chiyoda_Tokyo_Tokyo_Prefecture_Kanto.html,,4.74.7 of 5 bubbles(144reviews),,Gyukatsu,"3-8-17 Sotokanda Watanabe Bldg. B1F, Chiyoda 101-0021 Tokyo Prefecture",35.7020344,139.7707529
127,Tendon Kaneko Hannosuke Nihombashi Honten,https://www.tripadvisor.com/Restaurant_Review-g1066444-d3778588-Reviews-Tendon_Kaneko_Hannosuke_Nihombashi_Honten-Chuo_Tokyo_Tokyo_Prefecture_Kanto.html,,4.24.2 of 5 bubbles(367reviews),,Tempura,"1-11-15 Nihombashi Muromachi, Chuo 103-0022 Tokyo Prefecture",35.6860931,139.7735148
128,New York Grill,https://www.tripadvisor.com/Restaurant_Review-g14133673-d3545172-Reviews-New_York_Grill-Nishishinjuku_Shinjuku_Tokyo_Tokyo_Prefecture_Kanto.html,,4.34.3 of 5 bubbles(929reviews),,American,"3-7-1-2 52F Park Hyatt Tokyo, Nishishinjuku, Shinjuku 163-1052 Tokyo Prefecture",35.6856521,139.6910887
129,Yakitori Kufuraku Ginza Main Shop,https://www.tripadvisor.com/Restaurant_Review-g14129573-d3779280-Reviews-Yakitori_Kufuraku_Ginza_Main_Shop-Ginza_Chuo_Tokyo_Tokyo_Prefecture_Kanto.html,,4.84.8 of 5 bubbles(158reviews),,Yakitori,"1-16-1 B1F, Ginza, Chuo 104-0061 Tokyo Prefecture",35.6742623,139.770507
130,Asakusa Tsurujiro,https://www.tripadvisor.com/Restaurant_Review-g14134311-d3790962-Reviews-Asakusa_Tsurujiro-Asakusa_Taito_Tokyo_Tokyo_Prefecture_Kanto.html,,4.54.5 of 5 bubbles(250reviews),,Okonomiyaki,"1-20-8 Takeyama Bldg., Asakusa, Taito 111-0032 Tokyo Prefecture",35.7185858,139.7958849
131,Yakiniku Happy Ningyocho,https://www.tripadvisor.com/Restaurant_Review-g1066444-d17158189-Reviews-Yakiniku_Happy_Ningyocho-Chuo_Tokyo_Tokyo_Prefecture_Kanto.html,,4.84.8 of 5 bubbles(85reviews),,Yakiniku,"1-4-13 Nihonbashi Ningyocho Shigemoto Bldg. 1F, Chuo 103-0013 Tokyo Prefecture",35.6855747,139.7817328
132,Roast Beef Ohno Akihabara,https://www.tripadvisor.com/Restaurant_Review-g1066443-d9552992-Reviews-Roast_Beef_Ohno_Akihabara-Chiyoda_Tokyo_Tokyo_Prefecture_Kanto.html,,4.54.5 of 5 bubbles(167reviews),,Beef bowl,"1-2-3 Sotokanda Tsuchiya Bldg. B1F, Chiyoda 101-0021 Tokyo Prefecture",35.6984157,139.7705893
133,Taukishima Monja Jugoya,https://www.tripadvisor.com/Restaurant_Review-g14134359-d27485132-Reviews-Taukishima_Monja_Jugoya-Toyosu_Koto_Tokyo_Tokyo_Prefecture_Kanto.html,,4.24.2 of 5 bubbles(310reviews),,Monjayaki,"6-5-1 Toyosu Senkyakumanrai 2F, Toyosu, Koto 135-0061 Tokyo Prefecture",35.6457275,139.7836383
134,Ikuta,https://www.tripadvisor.com/Restaurant_Review-g14133713-d3752297-Reviews-Ikuta-Yoyogi_Shibuya_Tokyo_Tokyo_Prefecture_Kanto.html,,4.74.7 of 5 bubbles(173reviews),,Yakiniku,"1-31-15 Houzanb Bldg 1F, Yoyogi, Shibuya 151-0053 Tokyo Prefecture",35.6821697,139.69369
135,Suke6 Diner,https://www.tripadvisor.com/Restaurant_Review-g1066461-d7891820-Reviews-Suke6_Diner-Taito_Tokyo_Tokyo_Prefecture_Kanto.html,,4.54.5 of 5 bubbles(229reviews),,Cafe,"1-11-1 Hanakawado 1F& 2F mi Bldg., Taito 111-0033 Tokyo Prefecture",35.712347,139.7994383
136,Elio Locanda Italiana,https://www.tripadvisor.com/Restaurant_Review-g14129721-d1153196-Reviews-Elio_Locanda_Italiana-Kojimachi_Chiyoda_Tokyo_Tokyo_Prefecture_Kanto.html,,4.54.5 of 5 bubbles(321reviews),,Italian,"2-5-2, Kojimachi, Chiyoda 102-0083 Tokyo Prefecture",35.6837407,139.7405412
137,Tonkatsu Marugo,https://www.tripadvisor.com/Restaurant_Review-g1066443-d1660666-Reviews-Tonkatsu_Marugo-Chiyoda_Tokyo_Tokyo_Prefecture_Kanto.html,,4.54.5 of 5 bubbles(218reviews),,Tonkatsu,"1-8-14 Sotokanda, Chiyoda 101-0021 Tokyo Prefecture",35.6991471,139.7697188
138,Shibuya Pichiten,https://www.tripadvisor.com/Restaurant_Review-g1066456-d26907156-Reviews-Shibuya_Pichiten-Shibuya_Tokyo_Tokyo_Prefecture_Kanto.html,,5.05 of 5 bubbles(45reviews),,Sushi,"17-10 Sakuragaokacho MCD Bldg. B2F, Shibuya 150-0031 Tokyo Prefecture",35.65624080000000,139.7010992
139,Akiba Zettai Ryoiki AD1912,https://www.tripadvisor.com/Restaurant_Review-g1066443-d14933586-Reviews-Akiba_Zettai_Ryoiki_AD1912-Chiyoda_Tokyo_Tokyo_Prefecture_Kanto.html,,4.94.9 of 5 bubbles(122reviews),,Cafe,"3-1-15 Sotokanda Hashikatsu Bldg. 2F, Chiyoda 101-0021 Tokyo Prefecture",35.6999612,139.7699881
140,Gyukatsu Motomura Shibuya,https://www.tripadvisor.com/Restaurant_Review-g1066456-d7898108-Reviews-Gyukatsu_Motomura_Shibuya-Shibuya_Tokyo_Tokyo_Prefecture_Kanto.html,,4.44.4 of 5 bubbles(266reviews),,Steakhouse,"3-18-10 Shibuya B1F Ono Bldg. 2-Gokan, Shibuya 150-0002 Tokyo Prefecture",35.656977,139.7039981
141,Coco Ichibanya Shinjuku Station West Entrance,https://www.tripadvisor.com/Restaurant_Review-g14133673-d3816764-Reviews-Coco_Ichibanya_Shinjuku_Station_West_Entrance-Nishishinjuku_Shinjuku_Tokyo_Toky.html,,4.34.3 of 5 bubbles(371reviews),,Curry,"1-2-12, Nishishinjuku, Shinjuku 160-0023 Tokyo Prefecture",35.6931832,139.6994438
142,Harajuku Gyozaro,https://www.tripadvisor.com/Restaurant_Review-g1066456-d1686384-Reviews-Harajuku_Gyozaro-Shibuya_Tokyo_Tokyo_Prefecture_Kanto.html,,"4.24.2 of 5 bubbles(1,399reviews)",,Gyoza,"6-2-4 Jingumae, Shibuya 150-0001 Tokyo Prefecture",35.6675625,139.706153
143,Innsyoutei,https://www.tripadvisor.com/Restaurant_Review-g14134278-d1391764-Reviews-Innsyoutei-Uenokoen_Taito_Tokyo_Tokyo_Prefecture_Kanto.html,,4.54.5 of 5 bubbles(219reviews),,Kaiseki,"4-59, Uenokoen, Taito 110-0007 Tokyo Prefecture",35.7138848,139.7726561
144,Komagata Dozeu Asakusa Honten,https://www.tripadvisor.com/Restaurant_Review-g1066461-d1167464-Reviews-Komagata_Dozeu_Asakusa_Honten-Taito_Tokyo_Tokyo_Prefecture_Kanto.html,,4.34.3 of 5 bubbles(349reviews),,Dojo nabe,"1-7-12 Komagata, Taito 111-0043 Tokyo Prefecture",35.707571,139.794966
145,Kushiyaki Bistro Fukumimi Shibuya,https://www.tripadvisor.com/Restaurant_Review-g1066456-d3780129-Reviews-Kushiyaki_Bistro_Fukumimi_Shibuya-Shibuya_Tokyo_Tokyo_Prefecture_Kanto.html,,4.54.5 of 5 bubbles(273reviews),,Kushiyaki,"2-25-17 Dogenzaka Kojima Bldg. B1F, Shibuya 150-0043 Tokyo Prefecture",35.659583,139.6976588
146,Sky Restaurant 634 Musashi,https://www.tripadvisor.com/Restaurant_Review-g14134337-d3307880-Reviews-Sky_Restaurant_634_Musashi-Oshiage_Sumida_Tokyo_Tokyo_Prefecture_Kanto.html,,4.34.3 of 5 bubbles(368reviews),,Fine dining,"1-1-2 Tokyo Skytree, Oshiage, Sumida 131-0045 Tokyo Prefecture",35.7100627,139.8107004
147,Tokyo Yakiniku Heijoen Haneda Airport Garden,https://www.tripadvisor.com/Restaurant_Review-g1066454-d25249492-Reviews-Tokyo_Yakiniku_Heijoen_Haneda_Airport_Garden-Ota_Tokyo_Tokyo_Prefecture_Kanto.html,,4.84.8 of 5 bubbles(55reviews),,Yakiniku,"2-7-1 Hanedakuko Haneda Airport Garden 2F, Ota 144-0041 Tokyo Prefecture",35.5444343,139.7645606
148,Lamb Shabu Kin no Me Ikebukuro,https://www.tripadvisor.com/Restaurant_Review-g1066460-d17355410-Reviews-Lamb_Shabu_Kin_no_Me_Ikebukuro-Toshima_Tokyo_Tokyo_Prefecture_Kanto.html,,4.84.8 of 5 bubbles(51reviews),,Shabu-Shabu,"1-40-5 Nishiikebukuro Natori Bldg.5F, Toshima 171-0021 Tokyo Prefecture",35.7329159,139.7100191
149,"Kiji, Marunouchi",https://www.tripadvisor.com/Restaurant_Review-g14129528-d1664838-Reviews-Kiji_Marunouchi-Marunouchi_Chiyoda_Tokyo_Tokyo_Prefecture_Kanto.html,,4.34.3 of 5 bubbles(260reviews),,Okonomiyaki,"2-7-3 Tokyo Building B1, Marunouchi, Chiyoda 100-6490 Tokyo Prefecture",35.6785709,139.7649098
150,Tsubame Grill (Shinagawa-Ekimae),https://www.tripadvisor.com/Restaurant_Review-g14131019-d1678386-Reviews-Tsubame_Grill_Shinagawa_Ekimae-Takanawa_Minato_Tokyo_Tokyo_Prefecture_Kanto.html,,4.24.2 of 5 bubbles(323reviews),,International,"4-10-26, Takanawa, Minato 108-0074 Tokyo Prefecture",35.627675,139.7373447
151,Sushizanmai Honten,https://www.tripadvisor.com/Restaurant_Review-g14129610-d3597142-Reviews-Sushizanmai_Honten-Tsukiji_Chuo_Tokyo_Tokyo_Prefecture_Kanto.html,,4.24.2 of 5 bubbles(349reviews),,Sushi,"4 Chome-11-9, Tsukiji, Chuo 104-0045 Tokyo Prefecture",35.6659727,139.7706741
152,Lamb Shabu Kinnome Ginza Main Store,https://www.tripadvisor.com/Restaurant_Review-g14129573-d1658265-Reviews-Lamb_Shabu_Kinnome_Ginza_Main_Store-Ginza_Chuo_Tokyo_Tokyo_Prefecture_Kanto.html,,4.54.5 of 5 bubbles(124reviews),,Shabu-Shabu,"8-3-12 3F Ginza Suga Building, Ginza, Chuo 104-0061 Tokyo Prefecture",35.6707084,139.7689619
153,Imahan Honten,https://www.tripadvisor.com/Restaurant_Review-g1066444-d1678449-Reviews-Imahan_Honten-Chuo_Tokyo_Tokyo_Prefecture_Kanto.html,,4.54.5 of 5 bubbles(177reviews),,Izakaya,"2-9-12 Nihonbashi Ningyocho, Chuo 103-0013 Tokyo Prefecture",35.6858045,139.7837434
154,Yakiniku Kobeya Shinjyuku,https://www.tripadvisor.com/Restaurant_Review-g1066457-d1666824-Reviews-Yakiniku_Kobeya_Shinjyuku-Shinjuku_Tokyo_Tokyo_Prefecture_Kanto.html,,4.74.7 of 5 bubbles(81reviews),,Yakiniku,"2-15-28 Shinjuku 2F Marusho Bldg, Shinjuku 160-0022 Tokyo Prefecture",35.6907495,139.7099359
155,Kitchen Ajito,https://www.tripadvisor.com/Restaurant_Review-g1066460-d9934718-Reviews-Kitchen_Ajito-Toshima_Tokyo_Tokyo_Prefecture_Kanto.html,,4.94.9 of 5 bubbles(45reviews),,Italian,"1-39-15 Higashi-Ikebukuro Chatelet Higashiikebukuro 2f, Toshima 170-0013 Tokyo Prefecture",35.730789,139.7204992
156,Hannaritei Yaesu,https://www.tripadvisor.com/Restaurant_Review-g14129589-d32789234-Reviews-Hannaritei_Yaesu-Nihonbashi_Chuo_Tokyo_Tokyo_Prefecture_Kanto.html,,4.94.9 of 5 bubbles(44reviews),,Izakaya,"3-3-3 Izumiya Bldg. 1F, Nihonbashi, Chuo 103-0027 Tokyo Prefecture",35.680306,139.7711584
157,Tsukiji Uoba Little Tsukiji Jogai,https://www.tripadvisor.com/Restaurant_Review-g14129610-d26434986-Reviews-Tsukiji_Uoba_Little_Tsukiji_Jogai-Tsukiji_Chuo_Tokyo_Tokyo_Prefecture_Kanto.html,,4.64.6 of 5 bubbles(99reviews),,Seafood,"4-13-6, Tsukiji, Chuo 104-0045 Tokyo Prefecture",35.6651269,139.7707485
158,Tendon Tenya Asakusa,https://www.tripadvisor.com/Restaurant_Review-g14134311-d3817161-Reviews-Tendon_Tenya_Asakusa-Asakusa_Taito_Tokyo_Tokyo_Prefecture_Kanto.html,,4.24.2 of 5 bubbles(289reviews),,Tempura,"1-9-2 Kokuritsu 1 to 2F, Asakusa, Taito 111-0032 Tokyo Prefecture",35.7185858,139.7958849
159,Himawari Zushi Shintoshin,https://www.tripadvisor.com/Restaurant_Review-g14133673-d2264039-Reviews-Himawari_Zushi_Shintoshin-Nishishinjuku_Shinjuku_Tokyo_Tokyo_Prefecture_Kanto.html,,4.24.2 of 5 bubbles(465reviews),,Sushi,"1-15-3, Nishishinjuku, Shinjuku 160-0023 Tokyo Prefecture",35.68901050000000,139.6974294
160,IVY PLACE,https://www.tripadvisor.com/Restaurant_Review-g1066456-d2440111-Reviews-IVY_PLACE-Shibuya_Tokyo_Tokyo_Prefecture_Kanto.html,,4.24.2 of 5 bubbles(322reviews),,Vegetarian friendly,"16-15 Sarugakucho Daikanyama T SITE, Shibuya 150-0033 Tokyo Prefecture",35.649059,139.6996224
161,Sarabeth's Lumine Shinjuku,https://www.tripadvisor.com/Restaurant_Review-g14133707-d3607435-Reviews-Sarabeth_s_Lumine_Shinjuku-Shinjuku_3_Chome_Shinjuku_Tokyo_Tokyo_Prefecture_Kan.html,,4.14.1 of 5 bubbles(355reviews),,American,"38-2 LUMINE2 2F, Shinjuku 3 Chome, Shinjuku 160-0022 Tokyo Prefecture",35.6904442,139.7070866
162,Asakusa Imahan Kokusai Dori Honten,https://www.tripadvisor.com/Restaurant_Review-g1066461-d1176964-Reviews-Asakusa_Imahan_Kokusai_Dori_Honten-Taito_Tokyo_Tokyo_Prefecture_Kanto.html,,4.44.4 of 5 bubbles(275reviews),,Sukiyaki,"3-1-12 Nishi Asakusa, Taito 111-0035 Tokyo Prefecture",35.7139655,139.7922107
163,Asakusa Gyukatsu,https://www.tripadvisor.com/Restaurant_Review-g1066461-d6987831-Reviews-Asakusa_Gyukatsu-Taito_Tokyo_Tokyo_Prefecture_Kanto.html,,4.54.5 of 5 bubbles(159reviews),,Gyukatsu,"2-17-10 Kaminarimon B1F Kaminarimon Uemura Bldg., Taito 111-0034 Tokyo Prefecture",35.7107673,139.7959519
164,Shinjuku Tsunahachi Sohonten,https://www.tripadvisor.com/Restaurant_Review-g14133707-d1660271-Reviews-Shinjuku_Tsunahachi_Sohonten-Shinjuku_3_Chome_Shinjuku_Tokyo_Tokyo_Prefecture_K.html,,4.14.1 of 5 bubbles(646reviews),,Tempura,"31-8, Shinjuku 3 Chome, Shinjuku 160-0022 Tokyo Prefecture",35.6908596,139.7048708
165,Kushiyaki Bistro Fukumimi Shinjuku,https://www.tripadvisor.com/Restaurant_Review-g14133707-d6064702-Reviews-Kushiyaki_Bistro_Fukumimi_Shinjuku-Shinjuku_3_Chome_Shinjuku_Tokyo_Tokyo_Prefec.html,,4.74.7 of 5 bubbles(164reviews),,Kushiyaki,"9-5 Gold Bldg. 2F, Shinjuku 3 Chome, Shinjuku 160-0022 Tokyo Prefecture",35.6891906,139.7081303
166,Hard Rock Cafe,https://www.tripadvisor.com/Restaurant_Review-g14129735-d1163632-Reviews-Hard_Rock_Cafe-Roppongi_Minato_Tokyo_Tokyo_Prefecture_Kanto.html,,4.04 of 5 bubbles(601reviews),,American,"5-4-20 Roppongi, Roppongi, Minato 106-0032 Tokyo Prefecture",35.66167490000000,139.7341212
167,Rock No Cocoro,https://www.tripadvisor.com/Restaurant_Review-g1066456-d9964131-Reviews-Rock_No_Cocoro-Shibuya_Tokyo_Tokyo_Prefecture_Kanto.html,,5.05 of 5 bubbles(43reviews),,Brew Pub,"10-1 Udagawacho Park Bldg. 3F, Shibuya 150-0042 Tokyo Prefecture",35.6625524,139.6969508
168,Mawashi Sushi Katsu Seibu Shibuya,https://www.tripadvisor.com/Restaurant_Review-g1066456-d3782713-Reviews-Mawashi_Sushi_Katsu_Seibu_Shibuya-Shibuya_Tokyo_Tokyo_Prefecture_Kanto.html,,4.44.4 of 5 bubbles(221reviews),,Seafood,"21-1 Udagawacho Seibu Shibuya A Bldg. 8F, Shibuya 150-0042 Tokyo Prefecture",35.66022480000000,139.7003333
169,Towers,https://www.tripadvisor.com/Restaurant_Review-g14129743-d2248008-Reviews-Towers-Akasaka_Minato_Tokyo_Tokyo_Prefecture_Kanto.html,,4.64.6 of 5 bubbles(220reviews),,International,"9-7-1 The Ritz-Carlton, Tokyo 45F, Akasaka, Minato 107-6245 Tokyo Prefecture",35.6743312,139.7302364
170,Atelier Morimoto Xex,https://www.tripadvisor.com/Restaurant_Review-g14129735-d1688108-Reviews-Atelier_Morimoto_Xex-Roppongi_Minato_Tokyo_Tokyo_Prefecture_Kanto.html,,4.64.6 of 5 bubbles(201reviews),,Fine dining,"7-21-19 1 Field I.K.N. Roppongi Bldg., Roppongi, Minato 106-0032 Tokyo Prefecture",35.6647384,139.7402946
171,Wagyu Teppanyaki Tsumugi,https://www.tripadvisor.com/Restaurant_Review-g1066456-d27972561-Reviews-Wagyu_Teppanyaki_Tsumugi-Shibuya_Tokyo_Tokyo_Prefecture_Kanto.html,,5.05 of 5 bubbles(42reviews),,Teppanyaki,"3-25-7 Jingumae Hatano Bldg. 2F, Shibuya 150-0001 Tokyo Prefecture",35.6712638,139.7080255
172,Ginza Ukai-Tei,https://www.tripadvisor.com/Restaurant_Review-g14129573-d3610518-Reviews-Ginza_Ukai_Tei-Ginza_Chuo_Tokyo_Tokyo_Prefecture_Kanto.html,,4.64.6 of 5 bubbles(271reviews),,Steakhouse,"5-15-8 1F Jiji Press Bldg., Ginza, Chuo 104-0061 Tokyo Prefecture",35.668159,139.767248
173,Tori Yakiniku Tori Hibiki-chan,https://www.tripadvisor.com/Restaurant_Review-g14134274-d28598681-Reviews-Tori_Yakiniku_Tori_Hibiki_chan-Ueno_Taito_Tokyo_Tokyo_Prefecture_Kanto.html,,4.84.8 of 5 bubbles(57reviews),,Yakiniku,"6-16-13 1F Fujiya Bldg, Ueno, Taito 110-0005 Tokyo Prefecture",35.7087296,139.7741538
174,We ARE THE FARM Azabujuban,https://www.tripadvisor.com/Restaurant_Review-g1066451-d13289321-Reviews-We_ARE_THE_FARM_Azabujuban-Minato_Tokyo_Tokyo_Prefecture_Kanto.html,,4.64.6 of 5 bubbles(165reviews),,Grill,"3-10-4 Motoazabu Re-Flat 1F, Minato 106-0046 Tokyo Prefecture",35.6570942,139.7323716
175,Heart of Hearts,https://www.tripadvisor.com/Restaurant_Review-g1066443-d2423632-Reviews-Heart_of_Hearts-Chiyoda_Tokyo_Tokyo_Prefecture_Kanto.html,,4.84.8 of 5 bubbles(112reviews),,Cafe,"3-1-10 Sotokanda Oak Akihabara 3F, Chiyoda 101-0021 Tokyo Prefecture",35.7001765,139.7703297
176,Hakata Gyumotsunabe Nanokawa Ebisu Daikanyama,https://www.tripadvisor.com/Restaurant_Review-g14131018-d25723369-Reviews-Hakata_Gyumotsunabe_Nanokawa_Ebisu_Daikanyama-Ebisu_Shibuya_Tokyo_Tokyo_Prefec.html,,5.05 of 5 bubbles(46reviews),,Teppanyaki,"2-17-8 Nishi B1F, Ebisu, Shibuya 150-0021 Tokyo Prefecture",35.6461371,139.7153917
177,Yamabe Okachimachi,https://www.tripadvisor.com/Restaurant_Review-g14134274-d3789710-Reviews-Yamabe_Okachimachi-Ueno_Taito_Tokyo_Tokyo_Prefecture_Kanto.html,,4.54.5 of 5 bubbles(185reviews),,Tonkatsu,"6-2-6 1F Futon Bldg., Ueno, Taito 110-0005 Tokyo Prefecture",35.7105478,139.7792858
178,Joël Robuchon Restaurant Ebisu,https://www.tripadvisor.com/Restaurant_Review-g1066450-d1190882-Reviews-Joel_Robuchon_Restaurant_Ebisu-Meguro_Tokyo_Tokyo_Prefecture_Kanto.html,,4.54.5 of 5 bubbles(280reviews),,French,"1-13-1 Mita Inside Ebisu Garden Place, Meguro 153-0062 Tokyo Prefecture",35.6419011,139.7145339
179,Halal Wagyu Yakiniku Shoutaian Kanda,https://www.tripadvisor.com/Restaurant_Review-g1066443-d17362260-Reviews-Halal_Wagyu_Yakiniku_Shoutaian_Kanda-Chiyoda_Tokyo_Tokyo_Prefecture_Kanto.html,,4.94.9 of 5 bubbles(43reviews),,Steakhouse,"1-9-19 Kajicho GEMS Shin 8th floor, Chiyoda 101-0044 Tokyo Prefecture",35.6904565,139.7726855
180,Shin Udon,https://www.tripadvisor.com/Restaurant_Review-g14133713-d7808158-Reviews-Shin_Udon-Yoyogi_Shibuya_Tokyo_Tokyo_Prefecture_Kanto.html,,4.34.3 of 5 bubbles(340reviews),,Tempura,"2-20-16 1F Soma Bldg., Yoyogi, Shibuya 151-0053 Tokyo Prefecture",35.64521370000000,139.7074968
181,bills Omotesando,https://www.tripadvisor.com/Restaurant_Review-g1066456-d3157545-Reviews-Bills_Omotesando-Shibuya_Tokyo_Tokyo_Prefecture_Kanto.html,,,,International,"4-30-3 Jingumae Tokyu Plaza Omotesando Harajuku 7F, Shibuya 150-0001 Tokyo Prefecture",35.6687294,139.7059549
182,T.Y.HARBOR,https://www.tripadvisor.com/Restaurant_Review-g1066854-d817212-Reviews-T_Y_HARBOR-Shinagawa_Tokyo_Tokyo_Prefecture_Kanto.html,,,,American,"2-1-3 Higashi Shinagawa, Shinagawa 140-0002 Tokyo Prefecture",35.6215345,139.7463623
183,Sakeba,https://www.tripadvisor.com/Restaurant_Review-g1066456-d9897832-Reviews-Sakeba-Shibuya_Tokyo_Tokyo_Prefecture_Kanto.html,,,,Izakaya,"3-15-2 Shibuya F93 Shibuyaⅱ 7f, Shibuya 150-0002 Tokyo Prefecture",35.6559018,139.7055023
184,Nonchan Ameyoko,https://www.tripadvisor.com/Restaurant_Review-g14134274-d28145297-Reviews-Nonchan_Ameyoko-Ueno_Taito_Tokyo_Tokyo_Prefecture_Kanto.html,,,,Izakaya,"6-11-3 JR Underpass 1F, Ueno, Taito 110-0005 Tokyo Prefecture",35.7092494,139.7878162
185,Machikado Sakaba Gyubei,https://www.tripadvisor.com/Restaurant_Review-g14134274-d33006566-Reviews-Machikado_Sakaba_Gyubei-Ueno_Taito_Tokyo_Tokyo_Prefecture_Kanto.html,,,,Izakaya,"4-3-1, Ueno, Taito 110-0005 Tokyo Prefecture",35.7080484,139.7736845
186,Horumonyakino Ajito,https://www.tripadvisor.com/Restaurant_Review-g14134312-d28029122-Reviews-Horumonyakino_Ajito-Asakusabashi_Taito_Tokyo_Tokyo_Prefecture_Kanto.html,,,,Street Food,"1-17-11 Asakusabashi Station, Asakusabashi, Taito 111-0053 Tokyo Prefecture",35.6974952,139.7859834
187,Ikinari Steak Shinjuku Nichome,https://www.tripadvisor.com/Restaurant_Review-g1066457-d8473328-Reviews-Ikinari_Steak_Shinjuku_Nichome-Shinjuku_Tokyo_Tokyo_Prefecture_Kanto.html,,,,Steakhouse,"2-5-11 Shinjuku Senju Shinjuku Bldg, Shinjuku 160-0022 Tokyo Prefecture",35.6895773,139.7071991
188,Nobu Tokyo,https://www.tripadvisor.com/Restaurant_Review-g14129647-d1097703-Reviews-Nobu_Tokyo-Toranomon_Minato_Tokyo_Tokyo_Prefecture_Kanto.html,,,,Sushi,"4-1-28 Toranomon Tower Office1F, Toranomon, Minato 105-0001 Tokyo Prefecture",35.6656397,139.7440227
189,Chinese Restaurant Dining Tokai Hanten Daimon Main Store,https://www.tripadvisor.com/Restaurant_Review-g14129729-d9970790-Reviews-Chinese_Restaurant_Dining_Tokai_Hanten_Daimon_Main_Store-Shibadaimon_Minato_Tok.html,,,,Chinese,"2-4-18 Tokaihanten Bldg., Shibadaimon, Minato 105-0012 Tokyo Prefecture",35.6496257,139.7520851
190,"Nemuiro Hanamaru, Kitte Marunouchi",https://www.tripadvisor.com/Restaurant_Review-g14129528-d5015864-Reviews-Nemuiro_Hanamaru_Kitte_Marunouchi-Marunouchi_Chiyoda_Tokyo_Tokyo_Prefecture_Kan.html,,,,Sushi,"2-7-2 Kitte5f, Marunouchi, Chiyoda 100-0005 Tokyo Prefecture",35.6798453,139.7647288
191,Sensing Touch Of Earth,https://www.tripadvisor.com/Restaurant_Review-g1066461-d12726183-Reviews-Sensing_Touch_Of_Earth-Taito_Tokyo_Tokyo_Prefecture_Kanto.html,,,,Quick Bites,"3-1-12 Matsugaya Kappabashi Dogugai, Taito 111-0036 Tokyo Prefecture",35.7150008,139.7866189
192,Maidreamin Akihabara Chuodori,https://www.tripadvisor.com/Restaurant_Review-g1066443-d9883697-Reviews-Maidreamin_Akihabara_Chuodori-Chiyoda_Tokyo_Tokyo_Prefecture_Kanto.html,,,,Cafe,"1-14-1 Sotokanda 2F Takarada Chuo Dori Bldg, Chiyoda 101-0021 Tokyo Prefecture",35.698336,139.7715973
193,BLACOWS,https://www.tripadvisor.com/Restaurant_Review-g1066456-d1681806-Reviews-BLACOWS-Shibuya_Tokyo_Tokyo_Prefecture_Kanto.html,,,,American,"2-11-9 Ebisunishi Toko White Bldg. 1F, Shibuya 150-0021 Tokyo Prefecture",35.64947,139.7071229
194,Irish Pub Celts Shibuya Center Gai,https://www.tripadvisor.com/Restaurant_Review-g1066456-d15573203-Reviews-Irish_Pub_Celts_Shibuya_Center_Gai-Shibuya_Tokyo_Tokyo_Prefecture_Kanto.html,,,,Irish,"26-9 Utagawacho Metro Bldg. B1F, Shibuya 150-0042 Tokyo Prefecture",35.6601677,139.6989213
195,Maid Rock Cafe Tokyo,https://www.tripadvisor.com/Restaurant_Review-g1066443-d27135526-Reviews-Maid_Rock_Cafe_Tokyo-Chiyoda_Tokyo_Tokyo_Prefecture_Kanto.html,,,,Bar,"1-15-13 Sotokanda Akihabara B&V Bldg. 9F, Chiyoda 101-0021 Tokyo Prefecture",35.6977225,139.7724164
196,V2TOKYO,https://www.tripadvisor.com/Restaurant_Review-g14129735-d4270959-Reviews-V2TOKYO-Roppongi_Minato_Tokyo_Tokyo_Prefecture_Kanto.html,,,,Bar,"7-13-7 Tower Of Vabel B1 to 1F, Roppongi, Minato 106-0032 Tokyo Prefecture",35.6618586,139.7345469
197,Tsujihan,https://www.tripadvisor.com/Restaurant_Review-g14129589-d6211497-Reviews-Tsujihan-Nihonbashi_Chuo_Tokyo_Tokyo_Prefecture_Kanto.html,,,,Sushi,"3-1-15, Nihonbashi, Chuo 103-0027 Tokyo Prefecture",35.6807433,139.7716186
198,Lamb Shabu Kinnome,https://www.tripadvisor.com/Restaurant_Review-g1066456-d13938884-Reviews-Lamb_Shabu_Kinnome-Shibuya_Tokyo_Tokyo_Prefecture_Kanto.html,,,,Shabu-Shabu,"2-9-2 Dogenzaka Shibu専 Bldg. 3F, Shibuya 150-0043 Tokyo Prefecture",35.6587864,139.696881
199,Maruka,https://www.tripadvisor.com/Restaurant_Review-g1066443-d1688712-Reviews-Maruka-Chiyoda_Tokyo_Tokyo_Prefecture_Kanto.html,,,,Tempura,"3-16-1 Kanda Okadacho New Surugadai Bldg 1F, Chiyoda 101-0052 Tokyo Prefecture",35.6967456,139.7603862
200,Teppanyaki Hama,https://www.tripadvisor.com/Restaurant_Review-g14133667-d6212282-Reviews-Teppanyaki_Hama-Kabukicho_Shinjuku_Tokyo_Tokyo_Prefecture_Kanto.html,,,,Teppanyaki,"1-14-3 The 103rd Tokyo Bldg. 7F, Kabukicho, Shinjuku 160-0021 Tokyo Prefecture",35.6960834,139.7026251